<?xml version="1.0" encoding="UTF-8"?>
<beans xmlns="http://www.springframework.org/schema/beans"
	xmlns:xsi="http://www.w3.org/2001/XMLSchema-instance"
	xmlns:p="http://www.springframework.org/schema/p"
	xmlns:aop="http://www.springframework.org/schema/aop"
	xmlns:context="http://www.springframework.org/schema/context"
	xmlns:tx="http://www.springframework.org/schema/tx"
	xsi:schemaLocation="http://www.springframework.org/schema/beans 
		http://www.springframework.org/schema/beans/spring-beans.xsd
		http://www.springframework.org/schema/context 
		http://www.springframework.org/schema/context/spring-context-4.2.xsd
		http://www.springframework.org/schema/aop 
		http://www.springframework.org/schema/aop/spring-aop-4.2.xsd
		http://www.springframework.org/schema/tx 
		http://www.springframework.org/schema/tx/spring-tx-4.2.xsd">

	<context:component-scan
		base-package="com.simple"></context:component-scan>

	<aop:aspectj-autoproxy></aop:aspectj-autoproxy>

	<!-- DataSource 설정 -->
	<context:property-placeholder
		location="classpath:config/database.properties" />

	<bean id="dataSource"
		class="org.apache.commons.dbcp.BasicDataSource" destroy-method="close">
		<property name="driverClassName" value="${jdbc.driver}" />
		<property name="url" value="${jdbc.url}" />
		<property name="username" value="${jdbc.username}" />
		<property name="password" value="${jdbc.password}" />
	</bean>

	<!-- Spring과 JPA 연동설정 -->
	<bean id="jpaVendorAdapter"
		class="org.springframework.orm.jpa.vendor.HibernateJpaVendorAdapter">
	</bean>

	<!-- 엔티티 매니저 팩토리 생성 -->
	<bean id="entityManagerFactory"
		class="org.springframework.orm.jpa.LocalContainerEntityManagerFactoryBean">
		<property name="dataSource" ref="dataSource"></property>
		<property name="jpaVendorAdapter" ref="jpaVendorAdapter"></property>
		<property name="packagesToScan" value="com.simple.board"></property>
		<property name="jpaProperties">
			<props>		
				<prop key="hibernate.dialect">org.hibernate.dialect.H2Dialect</prop>
				<prop key="hibernate.show_sql">true</prop>
				<prop key="hibernate.format_sql">true</prop>
				<prop key="hibernate.use_sql_comments"> false</prop>
				<prop key="hibernate.id.new_generator_mappings">true</prop>
				<prop key="hibernate.hbm2ddl.auto">create</prop>
			</props>
		</property>
	
	</bean>

	<!-- Spring과 Mybatis 연동 설정 -->
	<bean id="sqlSession" class="org.mybatis.spring.SqlSessionFactoryBean">
		<property name="dataSource" ref="dataSource" />
		<property name="configLocation"
			value="classpath:sql-map-config.xml" />
	</bean>
	<bean class="org.mybatis.spring.SqlSessionTemplate">
		<constructor-arg ref="sqlSession"></constructor-arg>
	</bean>

	<!-- Spring JDBC 설정 -->
	<bean id="jdbcTemplate"
		class="org.springframework.jdbc.core.JdbcTemplate">
		<property name="dataSource" ref="dataSource" />
	</bean>

	<!-- Transaction 실행
	<bean id="txManager"
		class="org.springframework.jdbc.datasource.DataSourceTransactionManager">
		<property name="dataSource" ref="dataSource"></property>
	</bean>  -->
	
	<!-- Transaction JPA 실행 -->
	<bean id="txManager" class="org.springframework.orm.jpa.JpaTransactionManager">
		<property name="entityManagerFactory" ref="entityManagerFactory"></property>
	</bean>

	<!-- Transaction 어드바이스 -->
	<tx:advice id="txAdvice" transaction-manager="txManager">
		<tx:attributes>
			<tx:method name="get*" read-only="true" />
			<tx:method name="*" />
		</tx:attributes>
	</tx:advice>

	<aop:config>
		<aop:pointcut expression="execution(* com.simple..*(..))"
			id="txPointcut" />
		<aop:advisor pointcut-ref="txPointcut"
			advice-ref="txAdvice" />
	</aop:config>

</beans>
