<?xml version="1.0" encoding="UTF-8"?>
<beans xmlns="http://www.springframework.org/schema/beans"
	xmlns:xsi="http://www.w3.org/2001/XMLSchema-instance"
	xmlns:p="http://www.springframework.org/schema/p"
	xmlns:context="http://www.springframework.org/schema/context"
	xsi:schemaLocation="http://www.springframework.org/schema/beans 
		http://www.springframework.org/schema/beans/spring-beans.xsd
		http://www.springframework.org/schema/context 
		http://www.springframework.org/schema/context/spring-context-4.2.xsd">
	
	<context:component-scan base-package="com.simple.polymorphism"></context:component-scan>

	 
	
	<!-- 클래스 지정시에 bean 태그를 사용한다. 
	<bean id="tv" class="com.simple.polymorphism.SamsungTV"  
		init-method="initMethod" 	lazy-init="true"	scope="prototype"
		destroy-method="destroyMethod">	
		<constructor-arg ref="sony"/> 
		 <constructor-arg value="270000"/>
	</bean>
	-->
	
	<!-- <bean id="tv" class="com.simple.polymorphism.SamsungTV"  
		init-method="initMethod" 	lazy-init="false"	scope="prototype"
		destroy-method="destroyMethod"	
		p:speaker-ref="apple"
		p:price="2700000">
	</bean> -->
	
	<!-- 클래스 지정시에 bean 태그를 사용한다. -->
	<!-- <bean id="collectionBean" class="com.simple.polymorphism.CollectionBean">
		<property name="addressList">
			<list>
				<value>서울시 강남구 역삼동</value>
				<value>서울시 성동구 행당동</value>
			</list>
		</property>
	</bean> -->
	
	<!-- <bean id="apple" class="com.simple.polymorphism.AppleSpeaker"/>
	 -->
</beans>
