<?xml version="1.0" encoding="utf-8"?>
<!DOCTYPE mapper PUBLIC "-//mybatis.org//DTD Mapper 3.0//EN"
        "http://mybatis.org/dtd/mybatis-3-mapper.dtd">
<mapper namespace="Board">
    <!-- sql문이 작성되는 공간  -->
    <insert id="save" parameterType="board">
        insert into board_table(boardTitle, boardWriter, boardPass, boardContents)
        values(#{boardTitle}, #{boardWriter}, #{boardPass}, #{boardContents})
    </insert>

    <update id="updateHits" parameterType="Long">
        update board_table
        set boardHits = boardHits + 1
        where id=#{id}
    </update>

    <select id="findById" parameterType="Long" resultType="board">
        select id, boardTitle, boardWriter, boardPass, boardContents, boardHits, fileAttached,
        date_format(createdAt, "%Y-%m-%d") as createdAt
        from board_table
        where id=#{id}
    </select>

    <select id="findAll" resultType="board">
        select id, boardTitle, boardWriter, boardHits, date_format(createdAt, "%Y-%m-%d") as createdAt
        from board_table
        order by id desc
    </select>

    <update id="update" parameterType="board">
        update board_table
        set boardTitle=#{boardTitle}, boardContents=#{boardContents}
        where id=#{id}
    </update>

</mapper>