<?xml version="1.0" encoding="UTF-8"?>
<beans xmlns="http://www.springframework.org/schema/beans"
	xmlns:xsi="http://www.w3.org/2001/XMLSchema-instance"
	xmlns:p="http://www.springframework.org/schema/p"
	xmlns:aop="http://www.springframework.org/schema/aop"
	xmlns:context="http://www.springframework.org/schema/context"
	xsi:schemaLocation="http://www.springframework.org/schema/beans 
		http://www.springframework.org/schema/beans/spring-beans.xsd
		http://www.springframework.org/schema/context 
		http://www.springframework.org/schema/context/spring-context-4.2.xsd
		http://www.springframework.org/schema/aop 
		http://www.springframework.org/schema/aop/spring-aop-4.2.xsd">

	<context:component-scan
		base-package="com.simple"></context:component-scan>


	<bean id="log" class="com.simple.common.LogAdvice"></bean>
	<bean id="log4" class="com.simple.common.Log4jAdvice"></bean>
	<bean id="afterThrowing" class="com.simple.common.AfterThrowingAdvice"></bean>
	<bean id="around" class="com.simple.common.AroundAdvice"></bean>
	
	<aop:config>
		<aop:pointcut expression="execution(* com.simple..*Impl.*(..))" id="allPointcut"/>
		<aop:pointcut expression="execution(* com.simple..*Impl.get*(..))" id="getPointcut"/>
		
			
		<aop:aspect ref="around">
			<aop:around pointcut-ref="allPointcut" method="aroundLog"/>
		</aop:aspect>
		
	</aop:config>


	<!-- <bean id="userService"
		class="com.simple.user.impl.UserServiceImpl">
		<property name="userDAO" ref="userDAO" />
	</bean>
	
	<bean id="userDAO" class="com.simple.user.impl.UserDAO"></bean> -->


</beans>
